model,var,term,est,lo,hi,p,n,rho
"GLS AR(1), 2014 (main)",phc_share,pre_trend,-0.013571390977452616,-0.016752306292247984,-0.010390475662657246,2.7718543671193127e-7,18,-0.01348025359699641
"GLS AR(1), 2014 (main)",phc_share,level,0.006307105414679118,-0.042395121277277535,0.05500933210663577,0.7852583828012976,18,-0.01348025359699641
"GLS AR(1), 2014 (main)",phc_share,slope,0.03205819888126999,0.010227166079974308,0.05388923168256567,0.007097940589121412,18,-0.01348025359699641
"GLS AR(1), 2014 (main)",oop,pre_trend,0.8800882805486117,0.37835489255408394,1.3818216685431395,0.0018678836587801026,20,0.033758116183605955
"GLS AR(1), 2014 (main)",oop,level,-12.405279487758353,-19.28329716372762,-5.527261811789086,0.0014967060676177185,20,0.033758116183605955
"GLS AR(1), 2014 (main)",oop,slope,-3.1267068864952643,-4.9911047715098125,-1.2623090014807166,0.0026373337298405746,20,0.033758116183605955
"GLS AR(1), 2014 (main)",che,pre_trend,0.13358523484305598,0.03979411184940637,0.2273763578367056,0.0091346893210914,16,0.3710607994222327
"GLS AR(1), 2014 (main)",che,level,0.3337937303340957,-0.654321126517095,1.3219085871852865,0.47585933513221046,16,0.3710607994222327
"GLS AR(1), 2014 (main)",che,slope,-0.003636533166021554,-0.356832739176844,0.34955967284480094,0.9824711012209598,16,0.3710607994222327
"GLS AR(1), 2014 (main)",dpt3,pre_trend,1.2485706591086947,0.3433983321832895,2.1537429860341,0.009930434619578698,20,0.7605142490935439
"GLS AR(1), 2014 (main)",dpt3,level,-4.287421034373879,-10.494267261223474,1.9194251924757157,0.1624727236039625,20,0.7605142490935439
"GLS AR(1), 2014 (main)",dpt3,slope,-1.2822126458386,-3.8010357584683927,1.2366104667911928,0.2965242802608969,20,0.7605142490935439
"GLS AR(1), 2014 (main)",mcv1,pre_trend,0.7649709284087572,0.18197630128861164,1.3479655555289027,0.013337451731383093,20,0.6020056631358393
"GLS AR(1), 2014 (main)",mcv1,level,0.2856783485843099,-4.928454711922991,5.499811409091611,0.9089805841230438,20,0.6020056631358393
"GLS AR(1), 2014 (main)",mcv1,slope,0.14320743536825045,-1.6495156202374974,1.9359304909739983,0.8676488793940609,20,0.6020056631358393
"GLS AR(1), 2014 (main)",nmr,pre_trend,-2.9947568060716523,-3.3016779270312657,-2.686861515421479,7.379468440764147e-13,20,0.8854208702882427
"GLS AR(1), 2014 (main)",nmr,level,-1.3149105200887967,-2.924766199742035,0.3216423428505921,0.107338535988323,20,0.8854208702882427
"GLS AR(1), 2014 (main)",nmr,slope,-0.9475908217009055,-1.708337173516572,-0.18095653396922318,0.018649228219079675,20,0.8854208702882427
"GLS AR(1), 2014 (main)",imr,pre_trend,-4.203622105590011,-4.36221306164456,-4.044768166752732,1.173881913009154e-19,20,-0.17500641809282275
"GLS AR(1), 2014 (main)",imr,level,0.4406210687668555,-1.922556105065365,2.8607390246294884,0.7006262924032068,20,-0.17500641809282275
"GLS AR(1), 2014 (main)",imr,slope,-0.0029088853305769824,-0.6398549629935579,0.6381203214955056,0.9924194854264756,20,-0.17500641809282275
"OLS Newey-West, 2014",phc_share,pre_trend,-0.013566680763186333,-0.016831336289937857,-0.010302025236434807,3.8094106184557706e-7,18,NA
"OLS Newey-West, 2014",phc_share,level,0.0063322915200635065,-0.01975933713897177,0.032423920179098786,0.6108297625925515,18,NA
"OLS Newey-West, 2014",phc_share,slope,0.03206157320090873,0.021377554474944098,0.04274559192687336,1.5577166187738037e-5,18,NA
"OLS Newey-West, 2014",oop,pre_trend,0.8878403970769224,0.38893861648022593,1.3867421776736188,0.0016664813407543575,20,NA
"OLS Newey-West, 2014",oop,level,-12.575483905934055,-18.095812961635932,-7.055154850232179,1.84984367829211e-4,20,NA
"OLS Newey-West, 2014",oop,slope,-3.1124534773626373,-3.807935597712968,-2.4169713570123066,5.6856171135607256e-8,20,NA
"OLS Newey-West, 2014",che,pre_trend,0.15142303433001097,0.07779993688088195,0.22504613177914,7.508011670258152e-4,16,NA
"OLS Newey-West, 2014",che,level,0.11097231450719842,-0.534484208834766,0.7564288378491629,0.7144941582842221,16,NA
"OLS Newey-West, 2014",che,slope,0.011576965669989028,-0.1651945064777061,0.18834843781768415,0.8889006093390308,16,NA
"OLS Newey-West, 2014",dpt3,pre_trend,1.2351648351648359,0.4363924329720248,2.033937237357647,0.0047329258018438776,20,NA
"OLS Newey-West, 2014",dpt3,level,-0.16849816849817004,-6.072937122019834,5.7359407850234945,0.9525091173962614,20,NA
"OLS Newey-West, 2014",dpt3,slope,-1.5494505494505502,-2.677551231292453,-0.42134986760864757,0.010190486150098507,20,NA
"OLS Newey-West, 2014",mcv1,pre_trend,0.6439560439560434,0.1708189778187325,1.1170931100933543,0.010765102505457135,20,NA
"OLS Newey-West, 2014",mcv1,level,4.527472527472531,-0.3897359270247662,9.444680981969828,0.06868107893337987,20,NA
"OLS Newey-West, 2014",mcv1,slope,-0.12967032967032946,-0.7300895081070516,0.4707488487663928,0.6532319944864504,20,NA
"OLS Newey-West, 2014",nmr,pre_trend,-2.837292967391025,-3.092519240990954,-2.581394501611245,9.606655746762765e-14,20,NA
"OLS Newey-West, 2014",nmr,level,-4.342365965328387,-6.93697345604829,-1.6754205303044722,0.0034907561817861914,20,NA
"OLS Newey-West, 2014",nmr,slope,-1.0267338345622323,-1.2782599805074346,-0.7745668429220309,2.1501451089078566e-7,20,NA
"OLS Newey-West, 2014",imr,pre_trend,-4.200307887436427,-4.319816086418504,-4.080650418155751,1.3030043475821089e-21,20,NA
"OLS Newey-West, 2014",imr,level,0.38858387287779017,-0.12034905523966577,0.9001100491981662,0.12528411255943037,20,NA
"OLS Newey-West, 2014",imr,slope,0.001371140064443388,-0.12335318541528695,0.12625121924498828,0.9817065332928923,20,NA
"GLS AR(1), 2015",phc_share,pre_trend,-0.013016948092223821,-0.015914362057052822,-0.01011953412739482,1.4763426576087725e-7,18,0.03382632399223413
"GLS AR(1), 2015",phc_share,level,0.012740997711435657,-0.03772770198223399,0.0632096974051053,0.5967033473421317,18,0.03382632399223413
"GLS AR(1), 2015",phc_share,slope,0.04634179774994746,0.012837936721223263,0.07984565877867167,0.010204504129709151,18,0.03382632399223413
"GLS AR(1), 2015",oop,pre_trend,0.49039481038554034,-0.19537020289763185,1.1761598236687125,0.14903666213560385,20,0.29248747275809633
"GLS AR(1), 2015",oop,level,-10.098924367741143,-19.40815449005195,-0.7896942454303364,0.03526386424696835,20,0.29248747275809633
"GLS AR(1), 2015",oop,slope,-3.017430997199314,-6.275301605752721,0.24043961135409297,0.0672163883388315,20,0.29248747275809633
"GLS AR(1), 2015",che,pre_trend,0.1604422938253491,0.07097492065868666,0.24990966699201156,0.002082482993340183,16,0.5053632947281124
"GLS AR(1), 2015",che,level,-0.6941274056421671,-1.604425526148284,0.21617071486394968,0.1225136096796847,16,0.5053632947281124
"GLS AR(1), 2015",che,slope,0.2662191395658772,-0.1658942817052645,0.698332560837019,0.20433092759631605,16,0.5053632947281124
"GLS AR(1), 2015",dpt3,pre_trend,1.0954639399467385,0.3357513753305883,1.8551765045628887,0.007531113069123537,20,0.6942190441631966
"GLS AR(1), 2015",dpt3,level,-4.499680972262883,-10.838160293852015,1.8387983493262485,0.15182924179418514,20,0.6942190441631966
"GLS AR(1), 2015",dpt3,slope,-0.5886875973857698,-3.3196600495860507,2.142284854814511,0.6538383479835808,20,0.6942190441631966
"GLS AR(1), 2015",mcv1,pre_trend,0.7515132146403778,0.2414132281208784,1.2616132011598773,0.006553602924605642,20,0.5752697498224201
"GLS AR(1), 2015",mcv1,level,1.6559075840891033,-3.4883912422183405,6.800206410396547,0.5047587304853642,20,0.5752697498224201
"GLS AR(1), 2015",mcv1,slope,-0.15096721175480998,-2.1768827549390606,1.8749483314294404,0.8764560564226582,20,0.5752697498224201
"GLS AR(1), 2015",nmr,pre_trend,-3.0812902034073164,-3.407713979290261,-2.7537633116768045,1.2402061814457145e-12,20,0.9055642035408492
"GLS AR(1), 2015",nmr,level,-1.1397751044599835,-2.8582669380125325,0.6091178151026444,0.18482738581856628,20,0.9055642035408492
"GLS AR(1), 2015",nmr,slope,-0.7944479392168691,-1.699209688172254,0.11864124861031833,0.08354492842876834,20,0.9055642035408492
"GLS AR(1), 2015",imr,pre_trend,-4.193632107852219,-4.3373096104124205,-4.049738813485848,2.523795911802768e-20,20,-0.16950842510988115
"GLS AR(1), 2015",imr,level,0.3390747615769074,-2.128353693220253,2.868709211769893,0.7768871912785907,20,-0.16950842510988115
"GLS AR(1), 2015",imr,slope,-0.016893688748709224,-0.862643299981658,0.8360710876723187,0.9668913834261923,20,-0.16950842510988115
"GLS AR(1), 2014, data from 2005",phc_share,pre_trend,-0.013809495401978792,-0.01820723107668456,-0.009411759727273025,5.6453775871032673e-5,13,-0.12167252614635406
"GLS AR(1), 2014, data from 2005",phc_share,level,0.009501040408002953,-0.029730577477949716,0.04873265829395562,0.5971213632709093,13,-0.12167252614635406
"GLS AR(1), 2014, data from 2005",phc_share,slope,0.03209457839631988,0.01570170132225782,0.04848745547038194,0.0016496985811414004,13,-0.12167252614635406
"GLS AR(1), 2014, data from 2005",oop,pre_trend,0.022854106411286712,-1.0440983116700817,1.089806524492655,0.9632426633524844,15,0.1748813856744477
"GLS AR(1), 2014, data from 2005",oop,level,-8.65711427824724,-16.691258456988187,-0.6229700995062935,0.037043708031345046,15,0.1748813856744477
"GLS AR(1), 2014, data from 2005",oop,slope,-2.3040805168664384,-4.551478530445519,-0.05668250328735791,0.04537001844038169,15,0.1748813856744477
"GLS AR(1), 2014, data from 2005",che,pre_trend,0.2591631158631399,0.1704530523190615,0.3478731794072183,9.827477155668385e-5,13,-0.28992030841606437
"GLS AR(1), 2014, data from 2005",che,level,-0.4349554687721441,-1.1913000084613654,0.32138907091707725,0.22560718623293344,13,-0.28992030841606437
"GLS AR(1), 2014, data from 2005",che,slope,-0.06342094454255785,-0.30126439609664657,0.17442250701153084,0.5612643676299718,13,-0.28992030841606437
"GLS AR(1), 2014, data from 2005",dpt3,pre_trend,2.3994640053405143,1.7892634661912794,3.009664544489749,3.0681194929784856e-6,15,0.23665179313462287
"GLS AR(1), 2014, data from 2005",dpt3,level,-5.512389421895056,-9.986080408263467,-1.038698435526646,0.02021818615784379,15,0.23665179313462287
"GLS AR(1), 2014, data from 2005",dpt3,slope,-2.67533917630234,-3.961449127735342,-1.389229224869338,7.923551605348869e-4,15,0.23665179313462287
"GLS AR(1), 2014, data from 2005",mcv1,pre_trend,1.1906933487706828,0.1547676043003181,2.2266190932410472,0.027982714735683763,15,0.6122493053172491
"GLS AR(1), 2014, data from 2005",mcv1,level,-0.7724798868065762,-6.433056967962382,4.888097194349229,0.7695022133905497,15,0.6122493053172491
"GLS AR(1), 2014, data from 2005",mcv1,slope,-0.43335524762833766,-2.593599849689385,1.7268893544327097,0.6673844015294377,15,0.6122493053172491
"GLS AR(1), 2014, data from 2005",nmr,pre_trend,-3.2293238572084437,-3.659670385686953,-2.7970549963555746,5.021823594160644e-9,15,0.8148440396040425
"GLS AR(1), 2014, data from 2005",nmr,level,-1.1309942286149344,-2.9448156671832315,0.7167249170529466,0.20350018290780336,15,0.8148440396040425
"GLS AR(1), 2014, data from 2005",nmr,slope,-0.7175320540325658,-1.5843403288526514,0.1569107434621353,0.09808710471177194,15,0.8148440396040425
"GLS AR(1), 2014, data from 2005",imr,pre_trend,-4.062693536699524,-4.07920942387795,-4.046174805773384,1.3488406817958132e-25,15,0.6247478046974931
"GLS AR(1), 2014, data from 2005",imr,level,-0.06702927667052716,-0.15965113600394654,0.025678507931825578,0.13979229385656095,15,0.6247478046974931
"GLS AR(1), 2014, data from 2005",imr,slope,-0.135000276338193,-0.17078822288215667,-0.09919950011147982,4.619053991019711e-6,15,0.6247478046974931
