Outcome,Model,Level change,Trend change per year
PHC share of health spending (%),"GLS AR(1), 2014 (main)","0.01 (-0.04, 0.06)","0.03 (0.01, 0.05)"
PHC share of health spending (%),"OLS Newey-West, 2014","0.01 (-0.02, 0.03)","0.03 (0.02, 0.04)"
PHC share of health spending (%),"GLS AR(1), 2015","0.01 (-0.04, 0.06)","0.05 (0.01, 0.08)"
PHC share of health spending (%),"GLS AR(1), 2014, data from 2005","0.01 (-0.03, 0.05)","0.03 (0.02, 0.05)"
Out-of-pocket share of health spending (%),"GLS AR(1), 2014 (main)","-12.41 (-19.28, -5.53)","-3.13 (-4.99, -1.26)"
Out-of-pocket share of health spending (%),"OLS Newey-West, 2014","-12.58 (-18.10, -7.06)","-3.11 (-3.81, -2.42)"
Out-of-pocket share of health spending (%),"GLS AR(1), 2015","-10.10 (-19.41, -0.79)","-3.02 (-6.28, 0.24)"
Out-of-pocket share of health spending (%),"GLS AR(1), 2014, data from 2005","-8.66 (-16.69, -0.62)","-2.30 (-4.55, -0.06)"
Catastrophic health spending >10% (% pop.),"GLS AR(1), 2014 (main)","0.33 (-0.65, 1.32)","-0.00 (-0.36, 0.35)"
Catastrophic health spending >10% (% pop.),"OLS Newey-West, 2014","0.11 (-0.53, 0.76)","0.01 (-0.17, 0.19)"
Catastrophic health spending >10% (% pop.),"GLS AR(1), 2015","-0.69 (-1.60, 0.22)","0.27 (-0.17, 0.70)"
Catastrophic health spending >10% (% pop.),"GLS AR(1), 2014, data from 2005","-0.43 (-1.19, 0.32)","-0.06 (-0.30, 0.17)"
DPT3 coverage (%),"GLS AR(1), 2014 (main)","-4.29 (-10.49, 1.92)","-1.28 (-3.80, 1.24)"
DPT3 coverage (%),"OLS Newey-West, 2014","-0.17 (-6.07, 5.74)","-1.55 (-2.68, -0.42)"
DPT3 coverage (%),"GLS AR(1), 2015","-4.50 (-10.84, 1.84)","-0.59 (-3.32, 2.14)"
DPT3 coverage (%),"GLS AR(1), 2014, data from 2005","-5.51 (-9.99, -1.04)","-2.68 (-3.96, -1.39)"
MCV1 coverage (%),"GLS AR(1), 2014 (main)","0.29 (-4.93, 5.50)","0.14 (-1.65, 1.94)"
MCV1 coverage (%),"OLS Newey-West, 2014","4.53 (-0.39, 9.44)","-0.13 (-0.73, 0.47)"
MCV1 coverage (%),"GLS AR(1), 2015","1.66 (-3.49, 6.80)","-0.15 (-2.18, 1.87)"
MCV1 coverage (%),"GLS AR(1), 2014, data from 2005","-0.77 (-6.43, 4.89)","-0.43 (-2.59, 1.73)"
Neonatal mortality (per 1000 live births),"GLS AR(1), 2014 (main)","-1.31 (-2.92, 0.32)","-0.95 (-1.71, -0.18)"
Neonatal mortality (per 1000 live births),"OLS Newey-West, 2014","-4.34 (-6.94, -1.68)","-1.03 (-1.28, -0.77)"
Neonatal mortality (per 1000 live births),"GLS AR(1), 2015","-1.14 (-2.86, 0.61)","-0.79 (-1.70, 0.12)"
Neonatal mortality (per 1000 live births),"GLS AR(1), 2014, data from 2005","-1.13 (-2.94, 0.72)","-0.72 (-1.58, 0.16)"
Infant mortality (per 1000 live births),"GLS AR(1), 2014 (main)","0.44 (-1.92, 2.86)","-0.00 (-0.64, 0.64)"
Infant mortality (per 1000 live births),"OLS Newey-West, 2014","0.39 (-0.12, 0.90)","0.00 (-0.12, 0.13)"
Infant mortality (per 1000 live births),"GLS AR(1), 2015","0.34 (-2.13, 2.87)","-0.02 (-0.86, 0.84)"
Infant mortality (per 1000 live births),"GLS AR(1), 2014, data from 2005","-0.07 (-0.16, 0.03)","-0.14 (-0.17, -0.10)"
