Outcome,Placebo interruption,Level change,Trend change per year
PHC share of health spending (%),2006,"-0.05 (-0.09, -0.01)","-0.01 (-0.02, 0.00)"
PHC share of health spending (%),2007,"-0.03 (-0.08, 0.03)","-0.00 (-0.02, 0.01)"
PHC share of health spending (%),2008,"0.00 (-0.06, 0.06)","-0.00 (-0.02, 0.01)"
PHC share of health spending (%),2009,"-0.00 (-0.06, 0.06)","-0.00 (-0.02, 0.02)"
PHC share of health spending (%),2010,"-0.01 (-0.07, 0.05)","-0.00 (-0.03, 0.02)"
PHC share of health spending (%),2011,"-0.03 (-0.09, 0.03)","0.01 (-0.03, 0.05)"
Out-of-pocket share of health spending (%),2006,"-1.81 (-11.56, 7.94)","-1.48 (-3.89, 0.93)"
Out-of-pocket share of health spending (%),2007,"-4.70 (-13.52, 4.13)","-1.22 (-3.32, 0.89)"
Out-of-pocket share of health spending (%),2008,"-2.27 (-11.78, 7.24)","-0.97 (-3.48, 1.55)"
Out-of-pocket share of health spending (%),2009,"1.35 (-8.16, 10.86)","-1.49 (-4.53, 1.55)"
Out-of-pocket share of health spending (%),2010,"7.67 (-0.14, 15.49)","-4.12 (-7.49, -0.76)"
Out-of-pocket share of health spending (%),2011,"0.25 (-8.79, 9.28)","-4.16 (-10.01, 1.70)"
Catastrophic health spending >10% (% pop.),2006,"0.23 (-0.80, 1.27)","0.35 (0.04, 0.65)"
Catastrophic health spending >10% (% pop.),2007,"1.10 (0.38, 1.82)","0.30 (0.11, 0.48)"
Catastrophic health spending >10% (% pop.),2008,"1.43 (0.92, 1.93)","0.11 (-0.04, 0.27)"
Catastrophic health spending >10% (% pop.),2009,"1.54 (1.07, 2.02)","0.11 (-0.04, 0.27)"
Catastrophic health spending >10% (% pop.),2010,"0.15 (-1.08, 1.37)","0.04 (-0.55, 0.62)"
Catastrophic health spending >10% (% pop.),2011,"0.41 (-0.73, 1.54)","-0.13 (-0.86, 0.61)"
DPT3 coverage (%),2006,"1.17 (-3.66, 5.99)","3.50 (2.30, 4.71)"
DPT3 coverage (%),2007,"2.48 (-2.31, 7.27)","3.45 (2.25, 4.66)"
DPT3 coverage (%),2008,"4.35 (-0.74, 9.45)","3.32 (1.87, 4.77)"
DPT3 coverage (%),2009,"2.69 (-3.33, 8.71)","3.57 (1.45, 5.69)"
DPT3 coverage (%),2010,"3.60 (-2.68, 9.88)","3.80 (0.88, 6.71)"
DPT3 coverage (%),2011,"0.45 (-5.60, 6.50)","5.45 (1.42, 9.47)"
MCV1 coverage (%),2006,"0.58 (-6.36, 7.52)","1.30 (-0.91, 3.51)"
MCV1 coverage (%),2007,"-3.97 (-9.47, 1.54)","1.45 (-0.13, 3.02)"
MCV1 coverage (%),2008,"-4.47 (-8.50, -0.44)","1.89 (0.85, 2.92)"
MCV1 coverage (%),2009,"-2.87 (-6.94, 1.21)","2.76 (1.41, 4.11)"
MCV1 coverage (%),2010,"1.99 (-2.62, 6.60)","2.75 (0.73, 4.76)"
MCV1 coverage (%),2011,"2.47 (-2.25, 7.19)","3.36 (0.38, 6.34)"
Neonatal mortality (per 1000 live births),2006,"0.95 (-0.99, 2.93)","-0.82 (-1.64, 0.00)"
Neonatal mortality (per 1000 live births),2007,"0.94 (-0.60, 2.51)","-1.12 (-1.69, -0.55)"
Neonatal mortality (per 1000 live births),2008,"0.19 (-1.03, 1.41)","-1.37 (-1.86, -0.87)"
Neonatal mortality (per 1000 live births),2009,"-0.87 (-2.01, 0.27)","-1.47 (-1.98, -0.96)"
Neonatal mortality (per 1000 live births),2010,"-1.26 (-2.51, 0.01)","-1.60 (-2.20, -1.00)"
Neonatal mortality (per 1000 live births),2011,"-1.55 (-3.02, -0.06)","-1.62 (-2.59, -0.64)"
Infant mortality (per 1000 live births),2006,"-3.57 (-5.83, -1.25)","-0.39 (-0.94, 0.17)"
Infant mortality (per 1000 live births),2007,"-1.76 (-5.03, 1.63)","0.01 (-0.78, 0.80)"
Infant mortality (per 1000 live births),2008,"-0.86 (-4.37, 2.78)","0.15 (-0.78, 1.08)"
Infant mortality (per 1000 live births),2009,"-0.31 (-3.93, 3.44)","0.20 (-0.96, 1.37)"
Infant mortality (per 1000 live births),2010,"0.02 (-3.71, 3.91)","0.21 (-1.41, 1.85)"
Infant mortality (per 1000 live births),2011,"0.23 (-3.73, 4.36)","0.20 (-2.42, 2.89)"
