File:,IHME_LMIC_PHC_SPENDING_2000_2017_DATA_Y2021M08D12.CSV,,,,,,,
Variable:,iso3,location_id,location_name,year,measurement_unit,val,upper,lower
Label:,ISO3 Code,Location ID,Location Name,Year,Measurement Unit,Value,95% Uncertainty Interval (Upper Bound),95% Uncertainty Interval (Lower Bound)
Value coding:,AFG,160,Afghanistan,2000,PHC ambulatory expenditures in 2017 USD (millions),,,
,AGO,168,Angola,2001,PHC ambulatory expenditures per capita in 2017 USD,,,
,ALB,43,Albania,2002,PHC expenditures in 2017 USD (millions),,,
,ARG,97,Argentina,2003,PHC expenditures per capita in 2017 USD,,,
,ARM,33,Armenia,2004,,,,
,ASM,298,American Samoa,2005,,,,
,AZE,34,Azerbaijan,2006,,,,
,BDI,175,Burundi,2007,,,,
,BEN,200,Benin,2008,,,,
,BFA,201,Burkina Faso,2009,,,,
,BGD,161,Bangladesh,2010,,,,
,BGR,45,Bulgaria,2011,,,,
,BIH,44,Bosnia and Herzegovina,2012,,,,
,BLR,57,Belarus,2013,,,,
,BLZ,108,Belize,2014,,,,
,BOL,121,Bolivia,2015,,,,
,BRA,135,Brazil,2016,,,,
,BTN,162,Bhutan,2017,,,,
,BWA,193,Botswana,,,,,
,CAF,169,Central African Republic,,,,,
,CHN,6,China,,,,,
,CIV,205,Côte d'Ivoire,,,,,
,CMR,202,Cameroon,,,,,
,COD,171,DR Congo,,,,,
,COG,170,Congo (Brazzaville),,,,,
,COL,125,Colombia,,,,,
,COM,176,Comoros,,,,,
,CPV,203,Cape Verde,,,,,
,CRI,126,Costa Rica,,,,,
,CUB,109,Cuba,,,,,
,DJI,177,Djibouti,,,,,
,DMA,110,Dominica,,,,,
,DOM,111,Dominican Republic,,,,,
,DZA,139,Algeria,,,,,
,ECU,122,Ecuador,,,,,
,EGY,141,Egypt,,,,,
,ERI,178,Eritrea,,,,,
,ETH,179,Ethiopia,,,,,
,FJI,22,Fiji,,,,,
,FSM,25,Federated States of Micronesia,,,,,
,GAB,173,Gabon,,,,,
,GEO,35,Georgia,,,,,
,GHA,207,Ghana,,,,,
,GIN,208,Guinea,,,,,
,GMB,206,The Gambia,,,,,
,GNB,209,Guinea-Bissau,,,,,
,GNQ,172,Equatorial Guinea,,,,,
,GRD,112,Grenada,,,,,
,GTM,128,Guatemala,,,,,
,GUY,113,Guyana,,,,,
,HND,129,Honduras,,,,,
,HTI,114,Haiti,,,,,
,IDN,11,Indonesia,,,,,
,IND,163,India,,,,,
,IRN,142,Iran,,,,,
,IRQ,143,Iraq,,,,,
,JAM,115,Jamaica,,,,,
,JOR,144,Jordan,,,,,
,KAZ,36,Kazakhstan,,,,,
,KEN,180,Kenya,,,,,
,KGZ,37,Kyrgyzstan,,,,,
,KHM,10,Cambodia,,,,,
,KIR,23,Kiribati,,,,,
,LAO,12,Laos,,,,,
,LBN,146,Lebanon,,,,,
,LBR,210,Liberia,,,,,
,LBY,147,Libya,,,,,
,LCA,116,Saint Lucia,,,,,
,LKA,17,Sri Lanka,,,,,
,LSO,194,Lesotho,,,,,
,MAR,148,Morocco,,,,,
,MDA,61,Moldova,,,,,
,MDG,181,Madagascar,,,,,
,MDV,14,Maldives,,,,,
,MEX,130,Mexico,,,,,
,MHL,24,Marshall Islands,,,,,
,MKD,49,North Macedonia,,,,,
,MLI,211,Mali,,,,,
,MMR,15,Myanmar,,,,,
,MNE,50,Montenegro,,,,,
,MNG,38,Mongolia,,,,,
,MOZ,184,Mozambique,,,,,
,MRT,212,Mauritania,,,,,
,MUS,183,Mauritius,,,,,
,MWI,182,Malawi,,,,,
,MYS,13,Malaysia,,,,,
,NAM,195,Namibia,,,,,
,NER,213,Niger,,,,,
,NGA,214,Nigeria,,,,,
,NIC,131,Nicaragua,,,,,
,NPL,164,Nepal,,,,,
,PAK,165,Pakistan,,,,,
,PER,123,Peru,,,,,
,PHL,16,Philippines,,,,,
,PNG,26,Papua New Guinea,,,,,
,PRK,7,North Korea,,,,,
,PRY,136,Paraguay,,,,,
,PSE,149,Palestine,,,,,
,ROU,52,Romania,,,,,
,RUS,62,Russia,,,,,
,RWA,185,Rwanda,,,,,
,SDN,522,Sudan,,,,,
,SEN,216,Senegal,,,,,
,SLB,28,Solomon Islands,,,,,
,SLE,217,Sierra Leone,,,,,
,SLV,127,El Salvador,,,,,
,SOM,187,Somalia,,,,,
,SRB,53,Serbia,,,,,
,SSD,435,South Sudan,,,,,
,STP,215,São Tomé and PrÍncipe,,,,,
,SUR,118,Suriname,,,,,
,SWZ,197,eSwatini,,,,,
,SYR,153,Syria,,,,,
,TCD,204,Chad,,,,,
,TGO,218,Togo,,,,,
,THA,18,Thailand,,,,,
,TJK,39,Tajikistan,,,,,
,TKM,40,Turkmenistan,,,,,
,TLS,19,Timor-Leste,,,,,
,TON,29,Tonga,,,,,
,TUN,154,Tunisia,,,,,
,TUR,155,Turkey,,,,,
,TZA,189,Tanzania,,,,,
,UGA,190,Uganda,,,,,
,UKR,63,Ukraine,,,,,
,UZB,41,Uzbekistan,,,,,
,VCT,117,Saint Vincent and the Grenadines,,,,,
,VEN,133,Venezuela,,,,,
,VNM,20,Vietnam,,,,,
,VUT,30,Vanuatu,,,,,
,WSM,27,Samoa,,,,,
,YEM,157,Yemen,,,,,
,ZAF,196,South Africa,,,,,
,ZMB,191,Zambia,,,,,
,ZWE,198,Zimbabwe,,,,,
